project,dms_table,dms_pdb,rcsb_id,repaired_pdb,seq_entirety,atom_entirety,mutation_dict
4edw,/home/dongli/DMS_antibody_dataset/NGF_whiteheadlab_2018/DMS_interface_data/4edw_interface_DMS_data.csv,/home/dongli/DMS_antibody_dataset/NGF_whiteheadlab_2018/PDB_structures/4edw.pdb,4edw,/home/dongli/DMS_antibody_dataset/Problematic_PDBs/4edw.pdb,2.0,0.0,
BD55-5840_7wrz,/home/dongli/DMS_antibody_dataset/COVID-19_JBloom_2022/DMS_interface_data/BD55-5840_7wrz_interface_DMS_data.csv,/home/dongli/DMS_antibody_dataset/COVID-19_JBloom_2022/PDB_structures/BD55-5840_7wrz.pdb,7wrz,/home/dongli/DMS_antibody_dataset/Problematic_PDBs/BD55-5840_7wrz.pdb,2.0,1.0,D339G
BD55-1239_7wrl,/home/dongli/DMS_antibody_dataset/COVID-19_JBloom_2022/DMS_interface_data/BD55-1239_7wrl_interface_DMS_data.csv,/home/dongli/DMS_antibody_dataset/COVID-19_JBloom_2022/PDB_structures/BD55-1239_7wrl.pdb,7wrl,/home/dongli/DMS_antibody_dataset/Problematic_PDBs/BD55-1239_7wrl.pdb,2.0,0.0,
BD-836_7ezv,/home/dongli/DMS_antibody_dataset/COVID-19_JBloom_2022/DMS_interface_data/BD-836_7ezv_interface_DMS_data.csv,/home/dongli/DMS_antibody_dataset/COVID-19_JBloom_2022/PDB_structures/BD-836_7ezv.pdb,7ezv,/home/dongli/DMS_antibody_dataset/Problematic_PDBs/BD-836_7ezv.pdb,1.0,0.0,
BD-812_7ezv,/home/dongli/DMS_antibody_dataset/COVID-19_JBloom_2022/DMS_interface_data/BD-812_7ezv_interface_DMS_data.csv,/home/dongli/DMS_antibody_dataset/COVID-19_JBloom_2022/PDB_structures/BD-812_7ezv.pdb,7ezv,/home/dongli/DMS_antibody_dataset/Problematic_PDBs/BD-812_7ezv.pdb,1.0,0.0,
BD-804_7eya,/home/dongli/DMS_antibody_dataset/COVID-19_JBloom_2022/DMS_interface_data/BD-804_7eya_interface_DMS_data.csv,/home/dongli/DMS_antibody_dataset/COVID-19_JBloom_2022/PDB_structures/BD-804_7eya.pdb,7eya,/home/dongli/DMS_antibody_dataset/Problematic_PDBs/BD-804_7eya.pdb,1.0,0.0,
BD55-3152_7wr8,/home/dongli/DMS_antibody_dataset/COVID-19_JBloom_2022/DMS_interface_data/BD55-3152_7wr8_interface_DMS_data.csv,/home/dongli/DMS_antibody_dataset/COVID-19_JBloom_2022/PDB_structures/BD55-3152_7wr8.pdb,7wr8,/home/dongli/DMS_antibody_dataset/Problematic_PDBs/BD55-3152_7wr8.pdb,2.0,0.0,D339G
LY-CoV1404_7mmo,/home/dongli/DMS_antibody_dataset/COVID-19_JBloom_2022/DMS_interface_data/LY-CoV1404_7mmo_interface_DMS_data.csv,/home/dongli/DMS_antibody_dataset/COVID-19_JBloom_2022/PDB_structures/LY-CoV1404_7mmo.pdb,7mmo,/home/dongli/DMS_antibody_dataset/Problematic_PDBs/LY-CoV1404_7mmo.pdb,1.0,1.0,
BD55-3372_7wro,/home/dongli/DMS_antibody_dataset/COVID-19_JBloom_2022/DMS_interface_data/BD55-3372_7wro_interface_DMS_data.csv,/home/dongli/DMS_antibody_dataset/COVID-19_JBloom_2022/PDB_structures/BD55-3372_7wro.pdb,7wro,/home/dongli/DMS_antibody_dataset/Problematic_PDBs/BD55-3372_7wro.pdb,0.0,0.0,
FC08_7dx4,/home/dongli/DMS_antibody_dataset/COVID-19_JBloom_2022/DMS_interface_data/FC08_7dx4_interface_DMS_data.csv,/home/dongli/DMS_antibody_dataset/COVID-19_JBloom_2022/PDB_structures/FC08_7dx4.pdb,7dx4,/home/dongli/DMS_antibody_dataset/Problematic_PDBs/FC08_7dx4.pdb,0.0,0.0,
D441_1mlc,/home/dongli/DMS_antibody_dataset/lysozyme_fleishmanlab_2019/DMS_interface_data/D441_1mlc_interface_DMS_data.csv,/home/dongli/DMS_antibody_dataset/lysozyme_fleishmanlab_2019/PDB_structures/D441_1mlc.pdb,1mlc,/home/dongli/DMS_antibody_dataset/Problematic_PDBs/D441_1mlc.pdb,0.0,0.0,"Y32N,T31N,E50Y,W33L"
C002_7k8s,/home/dongli/DMS_antibody_dataset/COVID-19_JBloom_2021c/DMS_interface_data/C002_7k8s_interface_DMS_data.csv,/home/dongli/DMS_antibody_dataset/COVID-19_JBloom_2021c/PDB_structures/C002_7k8s.pdb,7k8s,/home/dongli/DMS_antibody_dataset/Problematic_PDBs/C002_7k8s.pdb,2.0,0.0,
C144_7k90,/home/dongli/DMS_antibody_dataset/COVID-19_JBloom_2021c/DMS_interface_data/C144_7k90_interface_DMS_data.csv,/home/dongli/DMS_antibody_dataset/COVID-19_JBloom_2021c/PDB_structures/C144_7k90.pdb,7k90,/home/dongli/DMS_antibody_dataset/Problematic_PDBs/C144_7k90.pdb,2.0,1.0,
C105_6xcm,/home/dongli/DMS_antibody_dataset/COVID-19_JBloom_2021c/DMS_interface_data/C105_6xcm_interface_DMS_data.csv,/home/dongli/DMS_antibody_dataset/COVID-19_JBloom_2021c/PDB_structures/C105_6xcm.pdb,6xcm,/home/dongli/DMS_antibody_dataset/Problematic_PDBs/C105_6xcm.pdb,2.0,1.0,
REGN10933_6xdg,/home/dongli/DMS_antibody_dataset/COVID-19_JBloom_2021c/DMS_interface_data/REGN10933_6xdg_interface_DMS_data.csv,/home/dongli/DMS_antibody_dataset/COVID-19_JBloom_2021c/PDB_structures/REGN10933_6xdg.pdb,6xdg,/home/dongli/DMS_antibody_dataset/Problematic_PDBs/REGN10933_6xdg.pdb,2.0,0.0,
C121_7k8x,/home/dongli/DMS_antibody_dataset/COVID-19_JBloom_2021c/DMS_interface_data/C121_7k8x_interface_DMS_data.csv,/home/dongli/DMS_antibody_dataset/COVID-19_JBloom_2021c/PDB_structures/C121_7k8x.pdb,7k8x,/home/dongli/DMS_antibody_dataset/Problematic_PDBs/C121_7k8x.pdb,2.0,0.0,
LY-CoV555_7kmg,/home/dongli/DMS_antibody_dataset/COVID-19_JBloom_2021c/DMS_interface_data/LY-CoV555_7kmg_interface_DMS_data.csv,/home/dongli/DMS_antibody_dataset/COVID-19_JBloom_2021c/PDB_structures/LY-CoV555_7kmg.pdb,7kmg,/home/dongli/DMS_antibody_dataset/Problematic_PDBs/LY-CoV555_7kmg.pdb,2.0,1.0,
C135_7k8z,/home/dongli/DMS_antibody_dataset/COVID-19_JBloom_2021c/DMS_interface_data/C135_7k8z_interface_DMS_data.csv,/home/dongli/DMS_antibody_dataset/COVID-19_JBloom_2021c/PDB_structures/C135_7k8z.pdb,7k8z,/home/dongli/DMS_antibody_dataset/Problematic_PDBs/C135_7k8z.pdb,2.0,1.0,
REGN10987_6xdg,/home/dongli/DMS_antibody_dataset/COVID-19_JBloom_2021c/DMS_interface_data/REGN10987_6xdg_interface_DMS_data.csv,/home/dongli/DMS_antibody_dataset/COVID-19_JBloom_2021c/PDB_structures/REGN10987_6xdg.pdb,6xdg,/home/dongli/DMS_antibody_dataset/Problematic_PDBs/REGN10987_6xdg.pdb,2.0,0.0,
C110_7k8v,/home/dongli/DMS_antibody_dataset/COVID-19_JBloom_2021c/DMS_interface_data/C110_7k8v_interface_DMS_data.csv,/home/dongli/DMS_antibody_dataset/COVID-19_JBloom_2021c/PDB_structures/C110_7k8v.pdb,7k8v,/home/dongli/DMS_antibody_dataset/Problematic_PDBs/C110_7k8v.pdb,2.0,1.0,
LY-CoV016_7c01,/home/dongli/DMS_antibody_dataset/COVID-19_JBloom_2021c/DMS_interface_data/LY-CoV016_7c01_interface_DMS_data.csv,/home/dongli/DMS_antibody_dataset/COVID-19_JBloom_2021c/PDB_structures/LY-CoV016_7c01.pdb,7c01,/home/dongli/DMS_antibody_dataset/Problematic_PDBs/LY-CoV016_7c01.pdb,1.0,0.0,
PGT121_5fyl,/home/dongli/DMS_antibody_dataset/HIV_JBloom_2019a/DMS_interface_data/PGT121_5fyl_interface_DMS_data.csv,/home/dongli/DMS_antibody_dataset/HIV_JBloom_2019a/PDB_structures/PGT121_5fyl.pdb,5fyl,/home/dongli/DMS_antibody_dataset/Problematic_PDBs/PGT121_5fyl.pdb,2.0,0.0,
VRC01_5fyk,/home/dongli/DMS_antibody_dataset/HIV_JBloom_2019a/DMS_interface_data/VRC01_5fyk_interface_DMS_data.csv,/home/dongli/DMS_antibody_dataset/HIV_JBloom_2019a/PDB_structures/VRC01_5fyk.pdb,5fyk,/home/dongli/DMS_antibody_dataset/Problematic_PDBs/VRC01_5fyk.pdb,1.0,0.0,
3BNC117_5v8m,/home/dongli/DMS_antibody_dataset/HIV_JBloom_2019a/DMS_interface_data/3BNC117_5v8m_interface_DMS_data.csv,/home/dongli/DMS_antibody_dataset/HIV_JBloom_2019a/PDB_structures/3BNC117_5v8m.pdb,5v8m,/home/dongli/DMS_antibody_dataset/Problematic_PDBs/3BNC117_5v8m.pdb,1.0,0.0,
PGT145_5v8l,/home/dongli/DMS_antibody_dataset/HIV_JBloom_2019a/DMS_interface_data/PGT145_5v8l_interface_DMS_data.csv,/home/dongli/DMS_antibody_dataset/HIV_JBloom_2019a/PDB_structures/PGT145_5v8l.pdb,5v8l,/home/dongli/DMS_antibody_dataset/Problematic_PDBs/PGT145_5v8l.pdb,1.0,0.0,
PGT151_5fuu,/home/dongli/DMS_antibody_dataset/HIV_JBloom_2019a/DMS_interface_data/PGT151_5fuu_interface_DMS_data.csv,/home/dongli/DMS_antibody_dataset/HIV_JBloom_2019a/PDB_structures/PGT151_5fuu.pdb,5fuu,/home/dongli/DMS_antibody_dataset/Problematic_PDBs/PGT151_5fuu.pdb,1.0,0.0,
3BN-1074_5t3z,/home/dongli/DMS_antibody_dataset/HIV_JBloom_2019a/DMS_interface_data/3BN-1074_5t3z_interface_DMS_data.csv,/home/dongli/DMS_antibody_dataset/HIV_JBloom_2019a/PDB_structures/3BN-1074_5t3z.pdb,5t3z,/home/dongli/DMS_antibody_dataset/Problematic_PDBs/3BN-1074_5t3z.pdb,2.0,0.0,
PG9_3u4e,/home/dongli/DMS_antibody_dataset/HIV_JBloom_2019a/DMS_interface_data/PG9_3u4e_interface_DMS_data.csv,/home/dongli/DMS_antibody_dataset/HIV_JBloom_2019a/PDB_structures/PG9_3u4e.pdb,3u4e,/home/dongli/DMS_antibody_dataset/Problematic_PDBs/PG9_3u4e.pdb,1.0,0.0,
ZKA64_5kvf,/home/dongli/DMS_antibody_dataset/zika_JBloom_2019/DMS_interface_data/ZKA64_5kvf_interface_DMS_data.csv,/home/dongli/DMS_antibody_dataset/zika_JBloom_2019/PDB_structures/ZKA64_5kvf.pdb,5kvf,/home/dongli/DMS_antibody_dataset/Problematic_PDBs/ZKA64_5kvf.pdb,1.0,0.0,A343V
AZD8895_7l7d,/home/dongli/DMS_antibody_dataset/COVID-19_JBloom_2021a/DMS_interface_data/AZD8895_7l7d_interface_DMS_data.csv,/home/dongli/DMS_antibody_dataset/COVID-19_JBloom_2021a/PDB_structures/AZD8895_7l7d.pdb,7l7d,/home/dongli/DMS_antibody_dataset/Problematic_PDBs/AZD8895_7l7d.pdb,2.0,1.0,
AZD1061_7l7e,/home/dongli/DMS_antibody_dataset/COVID-19_JBloom_2021a/DMS_interface_data/AZD1061_7l7e_interface_DMS_data.csv,/home/dongli/DMS_antibody_dataset/COVID-19_JBloom_2021a/PDB_structures/AZD1061_7l7e.pdb,7l7e,/home/dongli/DMS_antibody_dataset/Problematic_PDBs/AZD1061_7l7e.pdb,1.0,1.0,
C179_4hlz,/home/dongli/DMS_antibody_dataset/Influenza_JBloom_2018/DMS_interface_data/C179_4hlz_interface_DMS_data.csv,/home/dongli/DMS_antibody_dataset/Influenza_JBloom_2018/PDB_structures/C179_4hlz.pdb,4hlz,/home/dongli/DMS_antibody_dataset/Problematic_PDBs/C179_4hlz.pdb,2.0,0.0,
S139_4gms,/home/dongli/DMS_antibody_dataset/Influenza_JBloom_2018/DMS_interface_data/S139_4gms_interface_DMS_data.csv,/home/dongli/DMS_antibody_dataset/Influenza_JBloom_2018/PDB_structures/S139_4gms.pdb,4gms,/home/dongli/DMS_antibody_dataset/Problematic_PDBs/S139_4gms.pdb,1.0,0.0,
FI6V_3ztn,/home/dongli/DMS_antibody_dataset/Influenza_JBloom_2018/DMS_interface_data/FI6V_3ztn_interface_DMS_data.csv,/home/dongli/DMS_antibody_dataset/Influenza_JBloom_2018/PDB_structures/FI6V_3ztn.pdb,3ztn,/home/dongli/DMS_antibody_dataset/Problematic_PDBs/FI6V_3ztn.pdb,2.0,1.0,
S2H14_7jx3,/home/dongli/DMS_antibody_dataset/COVID-19_JBloom_2021d/DMS_interface_data/S2H14_7jx3_interface_DMS_data.csv,/home/dongli/DMS_antibody_dataset/COVID-19_JBloom_2021d/PDB_structures/S2H14_7jx3.pdb,7jx3,/home/dongli/DMS_antibody_dataset/Problematic_PDBs/S2H14_7jx3.pdb,1.0,0.0,
S2D106_7r7n,/home/dongli/DMS_antibody_dataset/COVID-19_JBloom_2021d/DMS_interface_data/S2D106_7r7n_interface_DMS_data.csv,/home/dongli/DMS_antibody_dataset/COVID-19_JBloom_2021d/PDB_structures/S2D106_7r7n.pdb,7r7n,/home/dongli/DMS_antibody_dataset/Problematic_PDBs/S2D106_7r7n.pdb,2.0,1.0,
S2E12_7r6x,/home/dongli/DMS_antibody_dataset/COVID-19_JBloom_2021d/DMS_interface_data/S2E12_7r6x_interface_DMS_data.csv,/home/dongli/DMS_antibody_dataset/COVID-19_JBloom_2021d/PDB_structures/S2E12_7r6x.pdb,7r6x,/home/dongli/DMS_antibody_dataset/Problematic_PDBs/S2E12_7r6x.pdb,2.0,0.0,
S2X259_7m7w,/home/dongli/DMS_antibody_dataset/COVID-19_JBloom_2021d/DMS_interface_data/S2X259_7m7w_interface_DMS_data.csv,/home/dongli/DMS_antibody_dataset/COVID-19_JBloom_2021d/PDB_structures/S2X259_7m7w.pdb,7m7w,/home/dongli/DMS_antibody_dataset/Problematic_PDBs/S2X259_7m7w.pdb,2.0,0.0,
S309_7r6w,/home/dongli/DMS_antibody_dataset/COVID-19_JBloom_2021d/DMS_interface_data/S309_7r6w_interface_DMS_data.csv,/home/dongli/DMS_antibody_dataset/COVID-19_JBloom_2021d/PDB_structures/S309_7r6w.pdb,7r6w,/home/dongli/DMS_antibody_dataset/Problematic_PDBs/S309_7r6w.pdb,2.0,0.0,
S2H97_7m7w,/home/dongli/DMS_antibody_dataset/COVID-19_JBloom_2021d/DMS_interface_data/S2H97_7m7w_interface_DMS_data.csv,/home/dongli/DMS_antibody_dataset/COVID-19_JBloom_2021d/PDB_structures/S2H97_7m7w.pdb,7m7w,/home/dongli/DMS_antibody_dataset/Problematic_PDBs/S2H97_7m7w.pdb,2.0,0.0,
S2X35_7r6w,/home/dongli/DMS_antibody_dataset/COVID-19_JBloom_2021d/DMS_interface_data/S2X35_7r6w_interface_DMS_data.csv,/home/dongli/DMS_antibody_dataset/COVID-19_JBloom_2021d/PDB_structures/S2X35_7r6w.pdb,7r6w,/home/dongli/DMS_antibody_dataset/Problematic_PDBs/S2X35_7r6w.pdb,1.0,0.0,
S2H13_7jv6,/home/dongli/DMS_antibody_dataset/COVID-19_JBloom_2021d/DMS_interface_data/S2H13_7jv6_interface_DMS_data.csv,/home/dongli/DMS_antibody_dataset/COVID-19_JBloom_2021d/PDB_structures/S2H13_7jv6.pdb,7jv6,/home/dongli/DMS_antibody_dataset/Problematic_PDBs/S2H13_7jv6.pdb,2.0,1.0,
S304_7jx3,/home/dongli/DMS_antibody_dataset/COVID-19_JBloom_2021d/DMS_interface_data/S304_7jx3_interface_DMS_data.csv,/home/dongli/DMS_antibody_dataset/COVID-19_JBloom_2021d/PDB_structures/S304_7jx3.pdb,7jx3,/home/dongli/DMS_antibody_dataset/Problematic_PDBs/S304_7jx3.pdb,1.0,0.0,
OPV12_6ot1,/home/dongli/DMS_antibody_dataset/HIV_JBloom_2019b/DMS_interface_data/OPV12_6ot1_interface_DMS_data.csv,/home/dongli/DMS_antibody_dataset/HIV_JBloom_2019b/PDB_structures/OPV12_6ot1.pdb,6ot1,/home/dongli/DMS_antibody_dataset/Problematic_PDBs/OPV12_6ot1.pdb,2.0,0.0,
DF1W314_6mph,/home/dongli/DMS_antibody_dataset/HIV_JBloom_2019b/DMS_interface_data/DF1W314_6mph_interface_DMS_data.csv,/home/dongli/DMS_antibody_dataset/HIV_JBloom_2019b/PDB_structures/DF1W314_6mph.pdb,6mph,/home/dongli/DMS_antibody_dataset/Problematic_PDBs/DF1W314_6mph.pdb,2.0,0.0,
106E6_6n1w,/home/dongli/DMS_antibody_dataset/HIV_JBloom_2019b/DMS_interface_data/106E6_6n1w_interface_DMS_data.csv,/home/dongli/DMS_antibody_dataset/HIV_JBloom_2019b/PDB_structures/106E6_6n1w.pdb,6n1w,/home/dongli/DMS_antibody_dataset/Problematic_PDBs/106E6_6n1w.pdb,2.0,0.0,
17D4_6n1v,/home/dongli/DMS_antibody_dataset/HIV_JBloom_2019b/DMS_interface_data/17D4_6n1v_interface_DMS_data.csv,/home/dongli/DMS_antibody_dataset/HIV_JBloom_2019b/PDB_structures/17D4_6n1v.pdb,6n1v,/home/dongli/DMS_antibody_dataset/Problematic_PDBs/17D4_6n1v.pdb,2.0,0.0,
OPV20_6osy,/home/dongli/DMS_antibody_dataset/HIV_JBloom_2019b/DMS_interface_data/OPV20_6osy_interface_DMS_data.csv,/home/dongli/DMS_antibody_dataset/HIV_JBloom_2019b/PDB_structures/OPV20_6osy.pdb,6osy,/home/dongli/DMS_antibody_dataset/Problematic_PDBs/OPV20_6osy.pdb,2.0,0.0,
110D12_6mph,/home/dongli/DMS_antibody_dataset/HIV_JBloom_2019b/DMS_interface_data/110D12_6mph_interface_DMS_data.csv,/home/dongli/DMS_antibody_dataset/HIV_JBloom_2019b/PDB_structures/110D12_6mph.pdb,6mph,/home/dongli/DMS_antibody_dataset/Problematic_PDBs/110D12_6mph.pdb,2.0,0.0,
EDE1-C8_5lbs,/home/dongli/DMS_antibody_dataset/zika_JBloom_2023/DMS_interface_data/EDE1-C8_5lbs_interface_DMS_data.csv,/home/dongli/DMS_antibody_dataset/zika_JBloom_2023/PDB_structures/EDE1-C8_5lbs.pdb,5lbs,/home/dongli/DMS_antibody_dataset/Problematic_PDBs/EDE1-C8_5lbs.pdb,2.0,1.0,I317V
EDE1-C10_5h37,/home/dongli/DMS_antibody_dataset/zika_JBloom_2023/DMS_interface_data/EDE1-C10_5h37_interface_DMS_data.csv,/home/dongli/DMS_antibody_dataset/zika_JBloom_2023/PDB_structures/EDE1-C10_5h37.pdb,5h37,/home/dongli/DMS_antibody_dataset/Problematic_PDBs/EDE1-C10_5h37.pdb,2.0,1.0,
ZV-67_5kvg,/home/dongli/DMS_antibody_dataset/zika_JBloom_2023/DMS_interface_data/ZV-67_5kvg_interface_DMS_data.csv,/home/dongli/DMS_antibody_dataset/zika_JBloom_2023/PDB_structures/ZV-67_5kvg.pdb,5kvg,/home/dongli/DMS_antibody_dataset/Problematic_PDBs/ZV-67_5kvg.pdb,1.0,0.0,"E393D,I317V"
SIgN-3C_7bua,/home/dongli/DMS_antibody_dataset/zika_JBloom_2023/DMS_interface_data/SIgN-3C_7bua_interface_DMS_data.csv,/home/dongli/DMS_antibody_dataset/zika_JBloom_2023/PDB_structures/SIgN-3C_7bua.pdb,7bua,/home/dongli/DMS_antibody_dataset/Problematic_PDBs/SIgN-3C_7bua.pdb,0.0,1.0,
MZ4_6niu,/home/dongli/DMS_antibody_dataset/zika_JBloom_2023/DMS_interface_data/MZ4_6niu_interface_DMS_data.csv,/home/dongli/DMS_antibody_dataset/zika_JBloom_2023/PDB_structures/MZ4_6niu.pdb,6niu,/home/dongli/DMS_antibody_dataset/Problematic_PDBs/MZ4_6niu.pdb,2.0,0.0,
118_6udj,/home/dongli/DMS_antibody_dataset/HIV_JBloom_2020/DMS_interface_data/118_6udj_interface_DMS_data.csv,/home/dongli/DMS_antibody_dataset/HIV_JBloom_2020/PDB_structures/118_6udj.pdb,6udj,/home/dongli/DMS_antibody_dataset/Problematic_PDBs/118_6udj.pdb,1.0,0.0,
VRC34-01_5i8h,/home/dongli/DMS_antibody_dataset/HIV_JBloom_2018/DMS_interface_data/VRC34-01_5i8h_interface_DMS_data.csv,/home/dongli/DMS_antibody_dataset/HIV_JBloom_2018/PDB_structures/VRC34-01_5i8h.pdb,5i8h,/home/dongli/DMS_antibody_dataset/Problematic_PDBs/VRC34-01_5i8h.pdb,2.0,0.0,
FP20-01_6cde,/home/dongli/DMS_antibody_dataset/HIV_JBloom_2018/DMS_interface_data/FP20-01_6cde_interface_DMS_data.csv,/home/dongli/DMS_antibody_dataset/HIV_JBloom_2018/PDB_structures/FP20-01_6cde.pdb,6cde,/home/dongli/DMS_antibody_dataset/Problematic_PDBs/FP20-01_6cde.pdb,2.0,0.0,
FP16-02_6cdi,/home/dongli/DMS_antibody_dataset/HIV_JBloom_2018/DMS_interface_data/FP16-02_6cdi_interface_DMS_data.csv,/home/dongli/DMS_antibody_dataset/HIV_JBloom_2018/PDB_structures/FP16-02_6cdi.pdb,6cdi,/home/dongli/DMS_antibody_dataset/Problematic_PDBs/FP16-02_6cdi.pdb,2.0,0.0,
CR9114_4fqy,/home/dongli/DMS_antibody_dataset/Influenza_JBloom_2020/DMS_interface_data/CR9114_4fqy_interface_DMS_data.csv,/home/dongli/DMS_antibody_dataset/Influenza_JBloom_2020/PDB_structures/CR9114_4fqy.pdb,4fqy,/home/dongli/DMS_antibody_dataset/Problematic_PDBs/CR9114_4fqy.pdb,2.0,0.0,
FI6V3-H1_3ztn,/home/dongli/DMS_antibody_dataset/Influenza_JBloom_2020/DMS_interface_data/FI6V3-H1_3ztn_interface_DMS_data.csv,/home/dongli/DMS_antibody_dataset/Influenza_JBloom_2020/PDB_structures/FI6V3-H1_3ztn.pdb,3ztn,/home/dongli/DMS_antibody_dataset/Problematic_PDBs/FI6V3-H1_3ztn.pdb,2.0,1.0,
FI6V3-H3_3ztj,/home/dongli/DMS_antibody_dataset/Influenza_JBloom_2020/DMS_interface_data/FI6V3-H3_3ztj_interface_DMS_data.csv,/home/dongli/DMS_antibody_dataset/Influenza_JBloom_2020/PDB_structures/FI6V3-H3_3ztj.pdb,3ztj,/home/dongli/DMS_antibody_dataset/Problematic_PDBs/FI6V3-H3_3ztj.pdb,1.0,1.0,
CAB-A17_8c2r,/home/dongli/DMS_antibody_dataset/COVID-19_JBloom_2024/DMS_interface_data/CAB-A17_8c2r_interface_DMS_data.csv,/home/dongli/DMS_antibody_dataset/COVID-19_JBloom_2024/PDB_structures/CAB-A17_8c2r.pdb,8c2r,/home/dongli/DMS_antibody_dataset/Problematic_PDBs/CAB-A17_8c2r.pdb,2.0,0.0,"N417K,S496G,N477S,Y501N,H505Y,R493Q"
Cetuximab_1yy9,/home/dongli/DMS_antibody_dataset/EGFR_AbbVie_2013/DMS_interface_data/Cetuximab_1yy9_interface_DMS_data.csv,/home/dongli/DMS_antibody_dataset/EGFR_AbbVie_2013/PDB_structures/Cetuximab_1yy9.pdb,1yy9,/home/dongli/DMS_antibody_dataset/Problematic_PDBs/Cetuximab_1yy9.pdb,1.0,1.0,
