condition,condition_type,condition_subtype,condition_year,condition_alias,eliciting_virus,known_to_neutralize,IC50s,site,wildtype,mutation,mut_escape,study,lab,site_total_escape,label_site,protein_site,protein_chain
BD-812,antibody,class 3,2021,,SARS-CoV-2;pre-Omicron SARS-CoV-2,Wuhan-Hu-1;any,0.002;0.002,381,G,H,0.001394,2022_Cao_Omicron,Xie_XS,0.009751,G381,381,E
BD-812,antibody,class 3,2021,,SARS-CoV-2;pre-Omicron SARS-CoV-2,Wuhan-Hu-1;any,0.002;0.002,381,G,K,0.00475,2022_Cao_Omicron,Xie_XS,0.009751,G381,381,E
BD-812,antibody,class 3,2021,,SARS-CoV-2;pre-Omicron SARS-CoV-2,Wuhan-Hu-1;any,0.002;0.002,381,G,N,0.003658,2022_Cao_Omicron,Xie_XS,0.009751,G381,381,E
BD-812,antibody,class 3,2021,,SARS-CoV-2;pre-Omicron SARS-CoV-2,Wuhan-Hu-1;any,0.002;0.002,381,G,Q,0.01012,2022_Cao_Omicron,Xie_XS,0.009751,G381,381,E
BD-812,antibody,class 3,2021,,SARS-CoV-2;pre-Omicron SARS-CoV-2,Wuhan-Hu-1;any,0.002;0.002,381,G,R,0.004756,2022_Cao_Omicron,Xie_XS,0.009751,G381,381,E
BD-812,antibody,class 3,2021,,SARS-CoV-2;pre-Omicron SARS-CoV-2,Wuhan-Hu-1;any,0.002;0.002,381,G,S,0.1035,2022_Cao_Omicron,Xie_XS,0.009751,G381,381,E
BD-812,antibody,class 3,2021,,SARS-CoV-2;pre-Omicron SARS-CoV-2,Wuhan-Hu-1;any,0.002;0.002,443,S,A,0.006363,2022_Cao_Omicron,Xie_XS,0.0588,S443,443,E
BD-812,antibody,class 3,2021,,SARS-CoV-2;pre-Omicron SARS-CoV-2,Wuhan-Hu-1;any,0.002;0.002,443,S,C,0.003682,2022_Cao_Omicron,Xie_XS,0.0588,S443,443,E
BD-812,antibody,class 3,2021,,SARS-CoV-2;pre-Omicron SARS-CoV-2,Wuhan-Hu-1;any,0.002;0.002,443,S,G,0.01012,2022_Cao_Omicron,Xie_XS,0.0588,S443,443,E
BD-812,antibody,class 3,2021,,SARS-CoV-2;pre-Omicron SARS-CoV-2,Wuhan-Hu-1;any,0.002;0.002,443,S,N,0.1697,2022_Cao_Omicron,Xie_XS,0.0588,S443,443,E
BD-812,antibody,class 3,2021,,SARS-CoV-2;pre-Omicron SARS-CoV-2,Wuhan-Hu-1;any,0.002;0.002,443,S,Q,0.3988,2022_Cao_Omicron,Xie_XS,0.0588,S443,443,E
BD-812,antibody,class 3,2021,,SARS-CoV-2;pre-Omicron SARS-CoV-2,Wuhan-Hu-1;any,0.002;0.002,443,S,T,0.003128,2022_Cao_Omicron,Xie_XS,0.0588,S443,443,E
BD-812,antibody,class 3,2021,,SARS-CoV-2;pre-Omicron SARS-CoV-2,Wuhan-Hu-1;any,0.002;0.002,443,S,V,0.01181,2022_Cao_Omicron,Xie_XS,0.0588,S443,443,E
BD-812,antibody,class 3,2021,,SARS-CoV-2;pre-Omicron SARS-CoV-2,Wuhan-Hu-1;any,0.002;0.002,443,S,Y,0.1694,2022_Cao_Omicron,Xie_XS,0.0588,S443,443,E
BD-812,antibody,class 3,2021,,SARS-CoV-2;pre-Omicron SARS-CoV-2,Wuhan-Hu-1;any,0.002;0.002,444,K,A,0.04138,2022_Cao_Omicron,Xie_XS,0.07127,K444,444,E
BD-812,antibody,class 3,2021,,SARS-CoV-2;pre-Omicron SARS-CoV-2,Wuhan-Hu-1;any,0.002;0.002,444,K,C,0.06634,2022_Cao_Omicron,Xie_XS,0.07127,K444,444,E
BD-812,antibody,class 3,2021,,SARS-CoV-2;pre-Omicron SARS-CoV-2,Wuhan-Hu-1;any,0.002;0.002,444,K,D,0.01156,2022_Cao_Omicron,Xie_XS,0.07127,K444,444,E
BD-812,antibody,class 3,2021,,SARS-CoV-2;pre-Omicron SARS-CoV-2,Wuhan-Hu-1;any,0.002;0.002,444,K,E,0.009751,2022_Cao_Omicron,Xie_XS,0.07127,K444,444,E
BD-812,antibody,class 3,2021,,SARS-CoV-2;pre-Omicron SARS-CoV-2,Wuhan-Hu-1;any,0.002;0.002,444,K,F,0.01323,2022_Cao_Omicron,Xie_XS,0.07127,K444,444,E
BD-812,antibody,class 3,2021,,SARS-CoV-2;pre-Omicron SARS-CoV-2,Wuhan-Hu-1;any,0.002;0.002,444,K,G,0.103,2022_Cao_Omicron,Xie_XS,0.07127,K444,444,E
BD-812,antibody,class 3,2021,,SARS-CoV-2;pre-Omicron SARS-CoV-2,Wuhan-Hu-1;any,0.002;0.002,444,K,H,0.002576,2022_Cao_Omicron,Xie_XS,0.07127,K444,444,E
BD-812,antibody,class 3,2021,,SARS-CoV-2;pre-Omicron SARS-CoV-2,Wuhan-Hu-1;any,0.002;0.002,444,K,I,0.04613,2022_Cao_Omicron,Xie_XS,0.07127,K444,444,E
BD-812,antibody,class 3,2021,,SARS-CoV-2;pre-Omicron SARS-CoV-2,Wuhan-Hu-1;any,0.002;0.002,444,K,L,0.01199,2022_Cao_Omicron,Xie_XS,0.07127,K444,444,E
BD-812,antibody,class 3,2021,,SARS-CoV-2;pre-Omicron SARS-CoV-2,Wuhan-Hu-1;any,0.002;0.002,444,K,M,0.007566,2022_Cao_Omicron,Xie_XS,0.07127,K444,444,E
BD-812,antibody,class 3,2021,,SARS-CoV-2;pre-Omicron SARS-CoV-2,Wuhan-Hu-1;any,0.002;0.002,444,K,N,0.1042,2022_Cao_Omicron,Xie_XS,0.07127,K444,444,E
BD-812,antibody,class 3,2021,,SARS-CoV-2;pre-Omicron SARS-CoV-2,Wuhan-Hu-1;any,0.002;0.002,444,K,P,0.08985,2022_Cao_Omicron,Xie_XS,0.07127,K444,444,E
BD-812,antibody,class 3,2021,,SARS-CoV-2;pre-Omicron SARS-CoV-2,Wuhan-Hu-1;any,0.002;0.002,444,K,Q,0.005817,2022_Cao_Omicron,Xie_XS,0.07127,K444,444,E
BD-812,antibody,class 3,2021,,SARS-CoV-2;pre-Omicron SARS-CoV-2,Wuhan-Hu-1;any,0.002;0.002,444,K,R,0.01299,2022_Cao_Omicron,Xie_XS,0.07127,K444,444,E
BD-812,antibody,class 3,2021,,SARS-CoV-2;pre-Omicron SARS-CoV-2,Wuhan-Hu-1;any,0.002;0.002,444,K,S,0.02564,2022_Cao_Omicron,Xie_XS,0.07127,K444,444,E
BD-812,antibody,class 3,2021,,SARS-CoV-2;pre-Omicron SARS-CoV-2,Wuhan-Hu-1;any,0.002;0.002,444,K,T,0.008615,2022_Cao_Omicron,Xie_XS,0.07127,K444,444,E
BD-812,antibody,class 3,2021,,SARS-CoV-2;pre-Omicron SARS-CoV-2,Wuhan-Hu-1;any,0.002;0.002,444,K,V,0.2099,2022_Cao_Omicron,Xie_XS,0.07127,K444,444,E
BD-812,antibody,class 3,2021,,SARS-CoV-2;pre-Omicron SARS-CoV-2,Wuhan-Hu-1;any,0.002;0.002,444,K,W,0.1623,2022_Cao_Omicron,Xie_XS,0.07127,K444,444,E
BD-812,antibody,class 3,2021,,SARS-CoV-2;pre-Omicron SARS-CoV-2,Wuhan-Hu-1;any,0.002;0.002,444,K,Y,0.003966,2022_Cao_Omicron,Xie_XS,0.07127,K444,444,E
BD-812,antibody,class 3,2021,,SARS-CoV-2;pre-Omicron SARS-CoV-2,Wuhan-Hu-1;any,0.002;0.002,445,V,A,0.01749,2022_Cao_Omicron,Xie_XS,0.1113,V445,445,E
BD-812,antibody,class 3,2021,,SARS-CoV-2;pre-Omicron SARS-CoV-2,Wuhan-Hu-1;any,0.002;0.002,445,V,C,0.0827,2022_Cao_Omicron,Xie_XS,0.1113,V445,445,E
BD-812,antibody,class 3,2021,,SARS-CoV-2;pre-Omicron SARS-CoV-2,Wuhan-Hu-1;any,0.002;0.002,445,V,D,0.006944,2022_Cao_Omicron,Xie_XS,0.1113,V445,445,E
BD-812,antibody,class 3,2021,,SARS-CoV-2;pre-Omicron SARS-CoV-2,Wuhan-Hu-1;any,0.002;0.002,445,V,E,0.07999,2022_Cao_Omicron,Xie_XS,0.1113,V445,445,E
BD-812,antibody,class 3,2021,,SARS-CoV-2;pre-Omicron SARS-CoV-2,Wuhan-Hu-1;any,0.002;0.002,445,V,F,0.03107,2022_Cao_Omicron,Xie_XS,0.1113,V445,445,E
BD-812,antibody,class 3,2021,,SARS-CoV-2;pre-Omicron SARS-CoV-2,Wuhan-Hu-1;any,0.002;0.002,445,V,G,0.3926,2022_Cao_Omicron,Xie_XS,0.1113,V445,445,E
BD-812,antibody,class 3,2021,,SARS-CoV-2;pre-Omicron SARS-CoV-2,Wuhan-Hu-1;any,0.002;0.002,445,V,H,0.007145,2022_Cao_Omicron,Xie_XS,0.1113,V445,445,E
BD-812,antibody,class 3,2021,,SARS-CoV-2;pre-Omicron SARS-CoV-2,Wuhan-Hu-1;any,0.002;0.002,445,V,I,0.006873,2022_Cao_Omicron,Xie_XS,0.1113,V445,445,E
BD-812,antibody,class 3,2021,,SARS-CoV-2;pre-Omicron SARS-CoV-2,Wuhan-Hu-1;any,0.002;0.002,445,V,K,0.008322,2022_Cao_Omicron,Xie_XS,0.1113,V445,445,E
BD-812,antibody,class 3,2021,,SARS-CoV-2;pre-Omicron SARS-CoV-2,Wuhan-Hu-1;any,0.002;0.002,445,V,L,0.008496,2022_Cao_Omicron,Xie_XS,0.1113,V445,445,E
BD-812,antibody,class 3,2021,,SARS-CoV-2;pre-Omicron SARS-CoV-2,Wuhan-Hu-1;any,0.002;0.002,445,V,M,0.03672,2022_Cao_Omicron,Xie_XS,0.1113,V445,445,E
BD-812,antibody,class 3,2021,,SARS-CoV-2;pre-Omicron SARS-CoV-2,Wuhan-Hu-1;any,0.002;0.002,445,V,N,0.01767,2022_Cao_Omicron,Xie_XS,0.1113,V445,445,E
BD-812,antibody,class 3,2021,,SARS-CoV-2;pre-Omicron SARS-CoV-2,Wuhan-Hu-1;any,0.002;0.002,445,V,P,0.08612,2022_Cao_Omicron,Xie_XS,0.1113,V445,445,E
BD-812,antibody,class 3,2021,,SARS-CoV-2;pre-Omicron SARS-CoV-2,Wuhan-Hu-1;any,0.002;0.002,445,V,Q,0.01683,2022_Cao_Omicron,Xie_XS,0.1113,V445,445,E
BD-812,antibody,class 3,2021,,SARS-CoV-2;pre-Omicron SARS-CoV-2,Wuhan-Hu-1;any,0.002;0.002,445,V,R,0.02993,2022_Cao_Omicron,Xie_XS,0.1113,V445,445,E
BD-812,antibody,class 3,2021,,SARS-CoV-2;pre-Omicron SARS-CoV-2,Wuhan-Hu-1;any,0.002;0.002,445,V,S,0.0108,2022_Cao_Omicron,Xie_XS,0.1113,V445,445,E
BD-812,antibody,class 3,2021,,SARS-CoV-2;pre-Omicron SARS-CoV-2,Wuhan-Hu-1;any,0.002;0.002,445,V,T,0.02575,2022_Cao_Omicron,Xie_XS,0.1113,V445,445,E
BD-812,antibody,class 3,2021,,SARS-CoV-2;pre-Omicron SARS-CoV-2,Wuhan-Hu-1;any,0.002;0.002,445,V,W,0.07167,2022_Cao_Omicron,Xie_XS,0.1113,V445,445,E
BD-812,antibody,class 3,2021,,SARS-CoV-2;pre-Omicron SARS-CoV-2,Wuhan-Hu-1;any,0.002;0.002,445,V,Y,0.5261,2022_Cao_Omicron,Xie_XS,0.1113,V445,445,E
BD-812,antibody,class 3,2021,,SARS-CoV-2;pre-Omicron SARS-CoV-2,Wuhan-Hu-1;any,0.002;0.002,447,G,A,0.003854,2022_Cao_Omicron,Xie_XS,0.0412,G447,447,E
BD-812,antibody,class 3,2021,,SARS-CoV-2;pre-Omicron SARS-CoV-2,Wuhan-Hu-1;any,0.002;0.002,447,G,C,0.003283,2022_Cao_Omicron,Xie_XS,0.0412,G447,447,E
BD-812,antibody,class 3,2021,,SARS-CoV-2;pre-Omicron SARS-CoV-2,Wuhan-Hu-1;any,0.002;0.002,447,G,D,0.08653,2022_Cao_Omicron,Xie_XS,0.0412,G447,447,E
BD-812,antibody,class 3,2021,,SARS-CoV-2;pre-Omicron SARS-CoV-2,Wuhan-Hu-1;any,0.002;0.002,447,G,E,0.002945,2022_Cao_Omicron,Xie_XS,0.0412,G447,447,E
BD-812,antibody,class 3,2021,,SARS-CoV-2;pre-Omicron SARS-CoV-2,Wuhan-Hu-1;any,0.002;0.002,447,G,F,0.003269,2022_Cao_Omicron,Xie_XS,0.0412,G447,447,E
BD-812,antibody,class 3,2021,,SARS-CoV-2;pre-Omicron SARS-CoV-2,Wuhan-Hu-1;any,0.002;0.002,447,G,H,0.004861,2022_Cao_Omicron,Xie_XS,0.0412,G447,447,E
BD-812,antibody,class 3,2021,,SARS-CoV-2;pre-Omicron SARS-CoV-2,Wuhan-Hu-1;any,0.002;0.002,447,G,K,0.04116,2022_Cao_Omicron,Xie_XS,0.0412,G447,447,E
BD-812,antibody,class 3,2021,,SARS-CoV-2;pre-Omicron SARS-CoV-2,Wuhan-Hu-1;any,0.002;0.002,447,G,L,0.009208,2022_Cao_Omicron,Xie_XS,0.0412,G447,447,E
BD-812,antibody,class 3,2021,,SARS-CoV-2;pre-Omicron SARS-CoV-2,Wuhan-Hu-1;any,0.002;0.002,447,G,M,0.002079,2022_Cao_Omicron,Xie_XS,0.0412,G447,447,E
BD-812,antibody,class 3,2021,,SARS-CoV-2;pre-Omicron SARS-CoV-2,Wuhan-Hu-1;any,0.002;0.002,447,G,N,0.007034,2022_Cao_Omicron,Xie_XS,0.0412,G447,447,E
BD-812,antibody,class 3,2021,,SARS-CoV-2;pre-Omicron SARS-CoV-2,Wuhan-Hu-1;any,0.002;0.002,447,G,P,0.2445,2022_Cao_Omicron,Xie_XS,0.0412,G447,447,E
BD-812,antibody,class 3,2021,,SARS-CoV-2;pre-Omicron SARS-CoV-2,Wuhan-Hu-1;any,0.002;0.002,447,G,Q,0.002956,2022_Cao_Omicron,Xie_XS,0.0412,G447,447,E
BD-812,antibody,class 3,2021,,SARS-CoV-2;pre-Omicron SARS-CoV-2,Wuhan-Hu-1;any,0.002;0.002,447,G,R,0.09753,2022_Cao_Omicron,Xie_XS,0.0412,G447,447,E
BD-812,antibody,class 3,2021,,SARS-CoV-2;pre-Omicron SARS-CoV-2,Wuhan-Hu-1;any,0.002;0.002,447,G,S,0.002338,2022_Cao_Omicron,Xie_XS,0.0412,G447,447,E
BD-812,antibody,class 3,2021,,SARS-CoV-2;pre-Omicron SARS-CoV-2,Wuhan-Hu-1;any,0.002;0.002,447,G,T,0.002092,2022_Cao_Omicron,Xie_XS,0.0412,G447,447,E
BD-812,antibody,class 3,2021,,SARS-CoV-2;pre-Omicron SARS-CoV-2,Wuhan-Hu-1;any,0.002;0.002,447,G,V,0.01059,2022_Cao_Omicron,Xie_XS,0.0412,G447,447,E
BD-812,antibody,class 3,2021,,SARS-CoV-2;pre-Omicron SARS-CoV-2,Wuhan-Hu-1;any,0.002;0.002,447,G,Y,0.01724,2022_Cao_Omicron,Xie_XS,0.0412,G447,447,E
BD-812,antibody,class 3,2021,,SARS-CoV-2;pre-Omicron SARS-CoV-2,Wuhan-Hu-1;any,0.002;0.002,524,V,A,0.003376,2022_Cao_Omicron,Xie_XS,0.0235,V524,524,E
BD-812,antibody,class 3,2021,,SARS-CoV-2;pre-Omicron SARS-CoV-2,Wuhan-Hu-1;any,0.002;0.002,524,V,G,0.00276,2022_Cao_Omicron,Xie_XS,0.0235,V524,524,E
BD-812,antibody,class 3,2021,,SARS-CoV-2;pre-Omicron SARS-CoV-2,Wuhan-Hu-1;any,0.002;0.002,524,V,I,0.006165,2022_Cao_Omicron,Xie_XS,0.0235,V524,524,E
BD-812,antibody,class 3,2021,,SARS-CoV-2;pre-Omicron SARS-CoV-2,Wuhan-Hu-1;any,0.002;0.002,524,V,L,0.2966,2022_Cao_Omicron,Xie_XS,0.0235,V524,524,E
