chain,site,wildtype,mutation,ER
H,31,N,A,0.55
H,31,N,C,0.11
H,31,N,D,4.59
H,31,N,E,0.14
H,31,N,F,0.47
H,31,N,G,0.13
H,31,N,H,0.87
H,31,N,I,5.53
H,31,N,K,0.0
H,31,N,L,0.24
H,31,N,M,0.59
H,31,N,N,1.04
H,31,N,P,0.0
H,31,N,Q,
H,31,N,R,0.15
H,31,N,S,0.52
H,31,N,T,4.39
H,31,N,V,6.9
H,31,N,W,0.74
H,31,N,Y,0.35
H,32,Y,A,0.06
H,32,Y,C,0.05
H,32,Y,D,0.1
H,32,Y,E,0.0
H,32,Y,F,0.08
H,32,Y,G,0.03
H,32,Y,H,
H,32,Y,I,0.14
H,32,Y,K,0.03
H,32,Y,L,0.08
H,32,Y,M,3.05
H,32,Y,N,0.72
H,32,Y,P,0.14
H,32,Y,Q,0.05
H,32,Y,R,6.58
H,32,Y,S,0.09
H,32,Y,T,0.13
H,32,Y,V,0.06
H,32,Y,W,4.48
H,32,Y,Y,0.96
H,33,G,A,9.51
H,33,G,C,0.01
H,33,G,D,8.11
H,33,G,E,5.63
H,33,G,F,0.03
H,33,G,G,1.42
H,33,G,H,0.0
H,33,G,I,0.04
H,33,G,K,0.0
H,33,G,L,0.05
H,33,G,M,0.03
H,33,G,N,0.06
H,33,G,P,0.02
H,33,G,Q,0.0
H,33,G,R,0.04
H,33,G,S,0.06
H,33,G,T,0.05
H,33,G,V,0.02
H,33,G,W,0.05
H,33,G,Y,0.03
H,34,V,A,0.56
H,34,V,C,3.44
H,34,V,D,0.09
H,34,V,E,6.66
H,34,V,F,0.06
H,34,V,G,0.08
H,34,V,H,0.02
H,34,V,I,3.99
H,34,V,K,2.5
H,34,V,L,7.19
H,34,V,M,1.83
H,34,V,N,8.13
H,34,V,P,0.01
H,34,V,Q,4.12
H,34,V,R,0.09
H,34,V,S,1.39
H,34,V,T,0.38
H,34,V,V,1.46
H,34,V,W,0.03
H,34,V,Y,0.01
H,35,H,A,0.04
H,35,H,C,0.03
H,35,H,D,0.07
H,35,H,E,0.11
H,35,H,F,0.03
H,35,H,G,0.06
H,35,H,H,1.37
H,35,H,I,0.04
H,35,H,K,0.0
H,35,H,L,0.05
H,35,H,M,0.0
H,35,H,N,0.0
H,35,H,P,0.17
H,35,H,Q,0.23
H,35,H,R,0.02
H,35,H,S,0.05
H,35,H,T,0.13
H,35,H,V,0.04
H,35,H,W,0.06
H,35,H,Y,0.08
H,50,V,A,0.18
H,50,V,C,0.38
H,50,V,D,0.0
H,50,V,E,7.11
H,50,V,F,0.04
H,50,V,G,0.05
H,50,V,H,0.0
H,50,V,I,10.09
H,50,V,K,0.83
H,50,V,L,8.07
H,50,V,M,2.8
H,50,V,N,3.77
H,50,V,P,0.02
H,50,V,Q,12.73
H,50,V,R,0.04
H,50,V,S,0.02
H,50,V,T,0.02
H,50,V,V,0.96
H,50,V,W,0.06
H,50,V,Y,0.03
H,51,I,A,6.83
H,51,I,C,7.96
H,51,I,D,3.66
H,51,I,E,2.46
H,51,I,F,0.15
H,51,I,G,7.28
H,51,I,H,1.17
H,51,I,I,1.67
H,51,I,K,0.04
H,51,I,L,1.96
H,51,I,M,5.75
H,51,I,N,3.38
H,51,I,P,0.07
H,51,I,Q,8.34
H,51,I,R,0.23
H,51,I,S,6.72
H,51,I,T,0.18
H,51,I,V,1.36
H,51,I,W,0.19
H,51,I,Y,0.85
H,52,W,A,0.03
H,52,W,C,0.09
H,52,W,D,0.04
H,52,W,E,0.04
H,52,W,F,0.39
H,52,W,G,7.68
H,52,W,H,0.06
H,52,W,I,4.7
H,52,W,K,0.03
H,52,W,L,0.28
H,52,W,M,0.23
H,52,W,N,2.63
H,52,W,P,0.02
H,52,W,Q,0.21
H,52,W,R,0.16
H,52,W,S,0.06
H,52,W,T,6.54
H,52,W,V,0.7
H,52,W,W,0.99
H,52,W,Y,0.15
H,53,S,A,0.06
H,53,S,C,0.02
H,53,S,D,0.87
H,53,S,E,0.11
H,53,S,F,0.09
H,53,S,G,0.06
H,53,S,H,0.17
H,53,S,I,0.01
H,53,S,K,0.0
H,53,S,L,0.04
H,53,S,M,0.04
H,53,S,N,7.4
H,53,S,P,0.03
H,53,S,Q,5.69
H,53,S,R,0.05
H,53,S,S,1.15
H,53,S,T,5.82
H,53,S,V,0.28
H,53,S,W,0.09
H,53,S,Y,0.1
H,54,G,A,0.29
H,54,G,C,0.05
H,54,G,D,0.0
H,54,G,E,0.08
H,54,G,F,3.33
H,54,G,G,1.32
H,54,G,H,0.07
H,54,G,I,0.08
H,54,G,K,0.16
H,54,G,L,0.07
H,54,G,M,0.05
H,54,G,N,0.0
H,54,G,P,0.18
H,54,G,Q,0.0
H,54,G,R,0.15
H,54,G,S,0.03
H,54,G,T,0.02
H,54,G,V,0.14
H,54,G,W,0.48
H,54,G,Y,0.18
H,55,G,A,5.04
H,55,G,C,0.25
H,55,G,D,6.76
H,55,G,E,5.43
H,55,G,F,1.05
H,55,G,G,1.52
H,55,G,H,6.16
H,55,G,I,0.0
H,55,G,K,0.14
H,55,G,L,0.24
H,55,G,M,1.07
H,55,G,N,0.0
H,55,G,P,0.06
H,55,G,Q,0.72
H,55,G,R,0.15
H,55,G,S,3.52
H,55,G,T,0.66
H,55,G,V,0.06
H,55,G,W,0.2
H,55,G,Y,1.39
H,56,N,A,4.04
H,56,N,C,0.07
H,56,N,D,0.03
H,56,N,E,0.03
H,56,N,F,0.07
H,56,N,G,4.76
H,56,N,H,0.19
H,56,N,I,0.04
H,56,N,K,0.12
H,56,N,L,0.04
H,56,N,M,0.12
H,56,N,N,0.75
H,56,N,P,0.04
H,56,N,Q,0.0
H,56,N,R,0.34
H,56,N,S,1.45
H,56,N,T,0.66
H,56,N,V,0.04
H,56,N,W,0.11
H,56,N,Y,0.04
H,57,T,A,4.2
H,57,T,C,0.24
H,57,T,D,5.62
H,57,T,E,7.02
H,57,T,F,1.81
H,57,T,G,6.84
H,57,T,H,2.74
H,57,T,I,0.23
H,57,T,K,0.2
H,57,T,L,0.13
H,57,T,M,0.65
H,57,T,N,1.41
H,57,T,P,7.65
H,57,T,Q,1.13
H,57,T,R,0.12
H,57,T,S,5.23
H,57,T,T,1.24
H,57,T,V,0.48
H,57,T,W,4.57
H,57,T,Y,1.15
H,58,D,A,0.06
H,58,D,C,0.0
H,58,D,D,0.94
H,58,D,E,0.06
H,58,D,F,0.01
H,58,D,G,0.12
H,58,D,H,0.0
H,58,D,I,0.03
H,58,D,K,0.04
H,58,D,L,0.02
H,58,D,M,0.1
H,58,D,N,0.04
H,58,D,P,0.02
H,58,D,Q,0.38
H,58,D,R,0.05
H,58,D,S,0.02
H,58,D,T,0.48
H,58,D,V,0.04
H,58,D,W,0.03
H,58,D,Y,0.01
H,59,Y,A,5.72
H,59,Y,C,5.62
H,59,Y,D,4.17
H,59,Y,E,7.76
H,59,Y,F,5.24
H,59,Y,G,4.55
H,59,Y,H,8.65
H,59,Y,I,0.14
H,59,Y,K,2.55
H,59,Y,L,2.87
H,59,Y,M,4.6
H,59,Y,N,4.55
H,59,Y,P,6.08
H,59,Y,Q,5.95
H,59,Y,R,0.81
H,59,Y,S,6.32
H,59,Y,T,2.8
H,59,Y,V,0.74
H,59,Y,W,6.73
H,59,Y,Y,1.26
H,60,N,A,0.9
H,60,N,C,0.1
H,60,N,D,8.4
H,60,N,E,0.02
H,60,N,F,0.59
H,60,N,G,0.22
H,60,N,H,0.02
H,60,N,I,1.15
H,60,N,K,0.05
H,60,N,L,0.16
H,60,N,M,0.14
H,60,N,N,1.07
H,60,N,P,0.14
H,60,N,Q,0.18
H,60,N,R,0.06
H,60,N,S,0.72
H,60,N,T,1.14
H,60,N,V,0.47
H,60,N,W,3.85
H,60,N,Y,0.35
H,61,T,A,1.6
H,61,T,C,0.13
H,61,T,D,2.24
H,61,T,E,1.92
H,61,T,F,0.84
H,61,T,G,0.18
H,61,T,H,0.0
H,61,T,I,0.42
H,61,T,K,0.29
H,61,T,L,0.89
H,61,T,M,0.77
H,61,T,N,0.44
H,61,T,P,0.03
H,61,T,Q,1.05
H,61,T,R,0.28
H,61,T,S,1.96
H,61,T,T,0.97
H,61,T,V,0.26
H,61,T,W,0.1
H,61,T,Y,0.08
H,62,P,A,0.08
H,62,P,C,0.05
H,62,P,D,0.12
H,62,P,E,0.06
H,62,P,F,0.24
H,62,P,G,0.11
H,62,P,H,0.03
H,62,P,I,0.12
H,62,P,K,0.06
H,62,P,L,0.32
H,62,P,M,0.08
H,62,P,N,0.06
H,62,P,P,1.23
H,62,P,Q,0.12
H,62,P,R,0.05
H,62,P,S,0.16
H,62,P,T,0.07
H,62,P,V,0.1
H,62,P,W,0.06
H,62,P,Y,0.07
H,63,F,A,1.6
H,63,F,C,0.08
H,63,F,D,0.15
H,63,F,E,0.18
H,63,F,F,0.99
H,63,F,G,0.4
H,63,F,H,0.31
H,63,F,I,1.74
H,63,F,K,0.2
H,63,F,L,1.94
H,63,F,M,1.58
H,63,F,N,0.04
H,63,F,P,0.16
H,63,F,Q,0.3
H,63,F,R,0.22
H,63,F,S,0.43
H,63,F,T,0.8
H,63,F,V,5.44
H,63,F,W,3.07
H,63,F,Y,0.39
H,64,T,A,1.73
H,64,T,C,0.04
H,64,T,D,3.79
H,64,T,E,5.53
H,64,T,F,0.68
H,64,T,G,1.13
H,64,T,H,0.3
H,64,T,I,1.38
H,64,T,K,0.16
H,64,T,L,1.17
H,64,T,M,2.11
H,64,T,N,1.94
H,64,T,P,0.46
H,64,T,Q,0.68
H,64,T,R,0.15
H,64,T,S,1.52
H,64,T,T,1.4
H,64,T,V,1.56
H,64,T,W,0.92
H,64,T,Y,2.32
H,65,S,A,1.35
H,65,S,C,0.26
H,65,S,D,1.82
H,65,S,E,1.73
H,65,S,F,3.27
H,65,S,G,1.5
H,65,S,H,1.05
H,65,S,I,0.97
H,65,S,K,1.25
H,65,S,L,1.62
H,65,S,M,1.59
H,65,S,N,1.58
H,65,S,P,1.52
H,65,S,Q,1.33
H,65,S,R,1.49
H,65,S,S,1.47
H,65,S,T,2.04
H,65,S,V,1.17
H,65,S,W,1.68
H,65,S,Y,2.64
H,95,A,A,0.83
H,95,A,C,0.1
H,95,A,D,0.0
H,95,A,E,0.0
H,95,A,F,0.02
H,95,A,G,0.02
H,95,A,H,2.3
H,95,A,I,
H,95,A,K,
H,95,A,L,0.02
H,95,A,M,
H,95,A,N,0.0
H,95,A,P,
H,95,A,Q,
H,95,A,R,0.0
H,95,A,S,
H,95,A,T,
H,95,A,V,0.06
H,95,A,W,0.02
H,95,A,Y,0.03
H,96,L,A,
H,96,L,C,0.08
H,96,L,D,3.93
H,96,L,E,0.0
H,96,L,F,0.04
H,96,L,G,0.02
H,96,L,H,
H,96,L,I,0.1
H,96,L,K,0.09
H,96,L,L,1.1
H,96,L,M,0.24
H,96,L,N,0.0
H,96,L,P,
H,96,L,Q,
H,96,L,R,0.03
H,96,L,S,0.18
H,96,L,T,
H,96,L,V,0.04
H,96,L,W,0.04
H,96,L,Y,0.13
H,97,T,A,
H,97,T,C,0.07
H,97,T,D,6.4
H,97,T,E,2.4
H,97,T,F,0.04
H,97,T,G,0.04
H,97,T,H,
H,97,T,I,0.05
H,97,T,K,0.18
H,97,T,L,0.07
H,97,T,M,0.04
H,97,T,N,0.07
H,97,T,P,1.94
H,97,T,Q,
H,97,T,R,0.03
H,97,T,S,2.55
H,97,T,T,0.62
H,97,T,V,0.05
H,97,T,W,0.05
H,97,T,Y,0.17
H,98,Y,A,0.06
H,98,Y,C,0.11
H,98,Y,D,0.06
H,98,Y,E,0.01
H,98,Y,F,0.12
H,98,Y,G,0.0
H,98,Y,H,0.11
H,98,Y,I,0.11
H,98,Y,K,0.03
H,98,Y,L,0.09
H,98,Y,M,0.05
H,98,Y,N,0.03
H,98,Y,P,0.04
H,98,Y,Q,0.06
H,98,Y,R,0.07
H,98,Y,S,0.03
H,98,Y,T,0.05
H,98,Y,V,0.04
H,98,Y,W,4.82
H,98,Y,Y,1.04
H,99,Y,A,
H,99,Y,C,0.07
H,99,Y,D,0.39
H,99,Y,E,0.02
H,99,Y,F,0.02
H,99,Y,G,0.04
H,99,Y,H,
H,99,Y,I,0.0
H,99,Y,K,0.0
H,99,Y,L,0.04
H,99,Y,M,0.02
H,99,Y,N,0.0
H,99,Y,P,
H,99,Y,Q,
H,99,Y,R,0.01
H,99,Y,S,0.03
H,99,Y,T,0.8
H,99,Y,V,0.05
H,99,Y,W,0.04
H,99,Y,Y,1.04
H,100,D,A,
H,100,D,C,0.04
H,100,D,D,1.14
H,100,D,E,0.0
H,100,D,F,0.19
H,100,D,G,0.03
H,100,D,H,
H,100,D,I,
H,100,D,K,2.63
H,100,D,L,0.05
H,100,D,M,0.04
H,100,D,N,0.0
H,100,D,P,
H,100,D,Q,
H,100,D,R,0.05
H,100,D,S,0.04
H,100,D,T,0.4
H,100,D,V,0.04
H,100,D,W,0.02
H,100,D,Y,0.0
H,100a,Y,A,
H,100a,Y,C,0.03
H,100a,Y,D,0.0
H,100a,Y,E,0.03
H,100a,Y,F,0.05
H,100a,Y,G,0.04
H,100a,Y,H,
H,100a,Y,I,0.02
H,100a,Y,K,0.0
H,100a,Y,L,0.16
H,100a,Y,M,0.04
H,100a,Y,N,
H,100a,Y,P,
H,100a,Y,Q,
H,100a,Y,R,0.03
H,100a,Y,S,0.02
H,100a,Y,T,0.83
H,100a,Y,V,0.02
H,100a,Y,W,0.49
H,100a,Y,Y,1.01
H,100b,E,A,
H,100b,E,C,0.03
H,100b,E,D,0.54
H,100b,E,E,1.05
H,100b,E,F,0.01
H,100b,E,G,0.06
H,100b,E,H,
H,100b,E,I,0.01
H,100b,E,K,0.18
H,100b,E,L,0.05
H,100b,E,M,0.06
H,100b,E,N,0.3
H,100b,E,P,
H,100b,E,Q,
H,100b,E,R,0.03
H,100b,E,S,0.14
H,100b,E,T,
H,100b,E,V,0.03
H,100b,E,W,0.02
H,100b,E,Y,0.0
H,100c,F,A,
H,100c,F,C,0.0
H,100c,F,D,0.05
H,100c,F,E,0.01
H,100c,F,F,1.09
H,100c,F,G,0.04
H,100c,F,H,
H,100c,F,I,0.01
H,100c,F,K,0.02
H,100c,F,L,0.05
H,100c,F,M,0.0
H,100c,F,N,0.0
H,100c,F,P,
H,100c,F,Q,
H,100c,F,R,0.01
H,100c,F,S,0.29
H,100c,F,T,
H,100c,F,V,0.04
H,100c,F,W,0.68
H,100c,F,Y,14.19
H,101,A,A,0.6
H,101,A,C,0.68
H,101,A,D,0.04
H,101,A,E,0.17
H,101,A,F,0.13
H,101,A,G,0.06
H,101,A,H,
H,101,A,I,0.05
H,101,A,K,
H,101,A,L,0.32
H,101,A,M,0.22
H,101,A,N,2.45
H,101,A,P,
H,101,A,Q,
H,101,A,R,0.57
H,101,A,S,0.44
H,101,A,T,0.32
H,101,A,V,0.2
H,101,A,W,0.05
H,101,A,Y,0.67
H,102,Y,A,
H,102,Y,C,0.05
H,102,Y,D,0.02
H,102,Y,E,0.02
H,102,Y,F,0.94
H,102,Y,G,0.04
H,102,Y,H,
H,102,Y,I,0.11
H,102,Y,K,0.0
H,102,Y,L,0.03
H,102,Y,M,0.07
H,102,Y,N,0.0
H,102,Y,P,
H,102,Y,Q,
H,102,Y,R,0.03
H,102,Y,S,0.06
H,102,Y,T,0.57
H,102,Y,V,0.17
H,102,Y,W,0.04
H,102,Y,Y,0.96
L,24,R,A,2.06
L,24,R,C,2.2
L,24,R,D,4.44
L,24,R,E,2.45
L,24,R,F,4.33
L,24,R,G,1.54
L,24,R,H,0.1
L,24,R,I,4.68
L,24,R,K,1.06
L,24,R,L,2.46
L,24,R,M,1.69
L,24,R,N,0.99
L,24,R,P,7.46
L,24,R,Q,1.33
L,24,R,R,0.89
L,24,R,S,0.84
L,24,R,T,1.64
L,24,R,V,2.98
L,24,R,W,2.58
L,24,R,Y,3.71
L,25,A,A,0.74
L,25,A,C,11.6
L,25,A,D,0.02
L,25,A,E,0.09
L,25,A,F,9.81
L,25,A,G,0.14
L,25,A,H,1.58
L,25,A,I,8.52
L,25,A,K,0.01
L,25,A,L,10.18
L,25,A,M,9.76
L,25,A,N,0.27
L,25,A,P,6.44
L,25,A,Q,0.02
L,25,A,R,0.08
L,25,A,S,7.39
L,25,A,T,8.74
L,25,A,V,10.2
L,25,A,W,0.87
L,25,A,Y,7.44
L,26,S,A,0.07
L,26,S,C,0.11
L,26,S,D,4.23
L,26,S,E,0.38
L,26,S,F,0.05
L,26,S,G,0.42
L,26,S,H,0.03
L,26,S,I,0.02
L,26,S,K,0.24
L,26,S,L,0.07
L,26,S,M,0.03
L,26,S,N,1.73
L,26,S,P,0.1
L,26,S,Q,0.24
L,26,S,R,0.14
L,26,S,S,0.78
L,26,S,T,3.86
L,26,S,V,0.07
L,26,S,W,0.06
L,26,S,Y,0.09
L,27,Q,A,0.3
L,27,Q,C,0.06
L,27,Q,D,4.22
L,27,Q,E,7.2
L,27,Q,F,10.87
L,27,Q,G,0.07
L,27,Q,H,1.93
L,27,Q,I,0.09
L,27,Q,K,0.04
L,27,Q,L,0.24
L,27,Q,M,0.27
L,27,Q,N,0.35
L,27,Q,P,0.12
L,27,Q,Q,0.97
L,27,Q,R,0.06
L,27,Q,S,0.29
L,27,Q,T,0.74
L,27,Q,V,0.92
L,27,Q,W,8.86
L,27,Q,Y,10.47
L,28,S,A,0.57
L,28,S,C,0.54
L,28,S,D,0.0
L,28,S,E,0.44
L,28,S,F,0.89
L,28,S,G,0.15
L,28,S,H,1.21
L,28,S,I,1.15
L,28,S,K,2.37
L,28,S,L,0.88
L,28,S,M,1.44
L,28,S,N,0.36
L,28,S,P,0.34
L,28,S,Q,2.12
L,28,S,R,5.71
L,28,S,S,0.98
L,28,S,T,0.56
L,28,S,V,0.56
L,28,S,W,0.97
L,28,S,Y,1.21
L,29,I,A,0.26
L,29,I,C,0.09
L,29,I,D,0.08
L,29,I,E,0.0
L,29,I,F,1.46
L,29,I,G,0.03
L,29,I,H,1.08
L,29,I,I,1.02
L,29,I,K,0.02
L,29,I,L,0.24
L,29,I,M,0.09
L,29,I,N,0.01
L,29,I,P,0.02
L,29,I,Q,0.0
L,29,I,R,0.08
L,29,I,S,0.18
L,29,I,T,0.1
L,29,I,V,0.1
L,29,I,W,0.06
L,29,I,Y,0.18
L,30,G,A,1.44
L,30,G,C,6.75
L,30,G,D,0.61
L,30,G,E,1.64
L,30,G,F,12.55
L,30,G,G,0.85
L,30,G,H,7.87
L,30,G,I,2.94
L,30,G,K,8.63
L,30,G,L,2.62
L,30,G,M,7.57
L,30,G,N,1.79
L,30,G,P,0.0
L,30,G,Q,4.76
L,30,G,R,6.37
L,30,G,S,3.28
L,30,G,T,9.36
L,30,G,V,0.64
L,30,G,W,4.75
L,30,G,Y,11.51
L,31,T,A,2.5
L,31,T,C,3.14
L,31,T,D,0.82
L,31,T,E,5.05
L,31,T,F,3.63
L,31,T,G,0.44
L,31,T,H,3.91
L,31,T,I,1.05
L,31,T,K,1.37
L,31,T,L,0.59
L,31,T,M,2.85
L,31,T,N,0.3
L,31,T,P,0.24
L,31,T,Q,4.19
L,31,T,R,1.07
L,31,T,S,3.77
L,31,T,T,1.62
L,31,T,V,7.49
L,31,T,W,2.94
L,31,T,Y,3.23
L,32,N,A,0.1
L,32,N,C,0.21
L,32,N,D,0.18
L,32,N,E,0.04
L,32,N,F,0.01
L,32,N,G,0.05
L,32,N,H,12.63
L,32,N,I,0.14
L,32,N,K,0.04
L,32,N,L,0.06
L,32,N,M,0.03
L,32,N,N,1.03
L,32,N,P,0.04
L,32,N,Q,0.0
L,32,N,R,0.05
L,32,N,S,0.15
L,32,N,T,0.1
L,32,N,V,0.08
L,32,N,W,0.07
L,32,N,Y,0.02
L,33,I,A,0.05
L,33,I,C,0.02
L,33,I,D,0.02
L,33,I,E,0.03
L,33,I,F,0.02
L,33,I,G,0.05
L,33,I,H,0.13
L,33,I,I,0.86
L,33,I,K,0.04
L,33,I,L,0.09
L,33,I,M,0.24
L,33,I,N,0.04
L,33,I,P,0.02
L,33,I,Q,0.03
L,33,I,R,0.05
L,33,I,S,0.05
L,33,I,T,0.06
L,33,I,V,0.16
L,33,I,W,0.04
L,33,I,Y,0.08
L,34,H,A,0.01
L,34,H,C,0.07
L,34,H,D,0.06
L,34,H,E,0.02
L,34,H,F,0.07
L,34,H,G,0.03
L,34,H,H,0.65
L,34,H,I,0.02
L,34,H,K,0.01
L,34,H,L,0.04
L,34,H,M,0.04
L,34,H,N,0.01
L,34,H,P,0.1
L,34,H,Q,0.0
L,34,H,R,0.03
L,34,H,S,0.05
L,34,H,T,0.06
L,34,H,V,0.02
L,34,H,W,0.03
L,34,H,Y,0.05
L,50,Y,A,0.01
L,50,Y,C,0.0
L,50,Y,D,0.05
L,50,Y,E,0.06
L,50,Y,F,0.01
L,50,Y,G,0.04
L,50,Y,H,0.31
L,50,Y,I,0.02
L,50,Y,K,0.0
L,50,Y,L,0.03
L,50,Y,M,0.02
L,50,Y,N,0.07
L,50,Y,P,0.0
L,50,Y,Q,
L,50,Y,R,0.07
L,50,Y,S,0.09
L,50,Y,T,0.02
L,50,Y,V,0.03
L,50,Y,W,0.05
L,50,Y,Y,0.94
L,51,A,A,0.98
L,51,A,C,0.04
L,51,A,D,0.03
L,51,A,E,0.1
L,51,A,F,0.03
L,51,A,G,0.1
L,51,A,H,0.06
L,51,A,I,0.03
L,51,A,K,0.03
L,51,A,L,0.03
L,51,A,M,0.0
L,51,A,N,0.1
L,51,A,P,0.02
L,51,A,Q,0.02
L,51,A,R,0.04
L,51,A,S,0.6
L,51,A,T,0.43
L,51,A,V,0.24
L,51,A,W,0.07
L,51,A,Y,0.01
L,52,S,A,0.84
L,52,S,C,0.64
L,52,S,D,0.5
L,52,S,E,1.26
L,52,S,F,0.19
L,52,S,G,0.36
L,52,S,H,0.0
L,52,S,I,0.2
L,52,S,K,0.02
L,52,S,L,0.51
L,52,S,M,0.47
L,52,S,N,0.2
L,52,S,P,0.1
L,52,S,Q,1.11
L,52,S,R,0.12
L,52,S,S,0.82
L,52,S,T,0.04
L,52,S,V,0.24
L,52,S,W,0.08
L,52,S,Y,0.24
L,53,E,A,0.08
L,53,E,C,0.14
L,53,E,D,1.94
L,53,E,E,0.66
L,53,E,F,0.05
L,53,E,G,0.07
L,53,E,H,0.0
L,53,E,I,0.1
L,53,E,K,0.05
L,53,E,L,0.11
L,53,E,M,0.04
L,53,E,N,0.03
L,53,E,P,0.04
L,53,E,Q,0.03
L,53,E,R,0.03
L,53,E,S,0.05
L,53,E,T,0.07
L,53,E,V,0.04
L,53,E,W,0.11
L,53,E,Y,0.04
L,54,S,A,0.52
L,54,S,C,0.36
L,54,S,D,0.49
L,54,S,E,1.55
L,54,S,F,0.58
L,54,S,G,0.46
L,54,S,H,0.54
L,54,S,I,0.1
L,54,S,K,0.89
L,54,S,L,0.16
L,54,S,M,1.14
L,54,S,N,2.6
L,54,S,P,0.0
L,54,S,Q,0.63
L,54,S,R,0.11
L,54,S,S,0.69
L,54,S,T,0.45
L,54,S,V,1.08
L,54,S,W,0.69
L,54,S,Y,0.29
L,55,I,A,0.05
L,55,I,C,0.12
L,55,I,D,0.04
L,55,I,E,0.05
L,55,I,F,0.0
L,55,I,G,0.04
L,55,I,H,0.07
L,55,I,I,1.04
L,55,I,K,0.02
L,55,I,L,0.24
L,55,I,M,0.09
L,55,I,N,0.06
L,55,I,P,0.13
L,55,I,Q,0.13
L,55,I,R,0.04
L,55,I,S,0.05
L,55,I,T,0.48
L,55,I,V,0.68
L,55,I,W,0.02
L,55,I,Y,0.15
L,56,S,A,0.54
L,56,S,C,0.22
L,56,S,D,0.41
L,56,S,E,0.59
L,56,S,F,0.46
L,56,S,G,0.35
L,56,S,H,3.03
L,56,S,I,0.77
L,56,S,K,0.5
L,56,S,L,0.73
L,56,S,M,0.64
L,56,S,N,0.77
L,56,S,P,0.96
L,56,S,Q,0.72
L,56,S,R,0.35
L,56,S,S,0.82
L,56,S,T,0.5
L,56,S,V,0.62
L,56,S,W,0.31
L,56,S,Y,0.65
L,89,Q,A,0.06
L,89,Q,C,0.02
L,89,Q,D,0.0
L,89,Q,E,0.1
L,89,Q,F,0.04
L,89,Q,G,0.06
L,89,Q,H,0.38
L,89,Q,I,0.02
L,89,Q,K,0.03
L,89,Q,L,0.04
L,89,Q,M,0.08
L,89,Q,N,0.0
L,89,Q,P,0.16
L,89,Q,Q,1.05
L,89,Q,R,0.06
L,89,Q,S,0.06
L,89,Q,T,0.04
L,89,Q,V,0.04
L,89,Q,W,0.04
L,89,Q,Y,0.05
L,90,Q,A,0.06
L,90,Q,C,0.03
L,90,Q,D,0.02
L,90,Q,E,0.01
L,90,Q,F,0.01
L,90,Q,G,0.05
L,90,Q,H,0.07
L,90,Q,I,0.06
L,90,Q,K,0.0
L,90,Q,L,0.04
L,90,Q,M,0.03
L,90,Q,N,0.01
L,90,Q,P,0.0
L,90,Q,Q,0.56
L,90,Q,R,0.02
L,90,Q,S,0.04
L,90,Q,T,0.02
L,90,Q,V,0.06
L,90,Q,W,0.06
L,90,Q,Y,0.05
L,91,N,A,0.04
L,91,N,C,0.01
L,91,N,D,0.04
L,91,N,E,0.08
L,91,N,F,0.11
L,91,N,G,0.04
L,91,N,H,2.94
L,91,N,I,0.05
L,91,N,K,0.02
L,91,N,L,9.96
L,91,N,M,0.09
L,91,N,N,1.16
L,91,N,P,0.02
L,91,N,Q,0.04
L,91,N,R,0.02
L,91,N,S,0.05
L,91,N,T,0.66
L,91,N,V,0.04
L,91,N,W,0.02
L,91,N,Y,0.0
L,92,N,A,0.3
L,92,N,C,0.1
L,92,N,D,0.06
L,92,N,E,0.08
L,92,N,F,0.06
L,92,N,G,0.06
L,92,N,H,0.22
L,92,N,I,0.07
L,92,N,K,7.05
L,92,N,L,9.03
L,92,N,M,8.92
L,92,N,N,1.17
L,92,N,P,0.19
L,92,N,Q,0.52
L,92,N,R,10.0
L,92,N,S,0.04
L,92,N,T,0.36
L,92,N,V,0.06
L,92,N,W,0.03
L,92,N,Y,0.01
L,93,N,A,8.52
L,93,N,C,0.07
L,93,N,D,7.58
L,93,N,E,10.05
L,93,N,F,0.03
L,93,N,G,0.06
L,93,N,H,0.1
L,93,N,I,1.74
L,93,N,K,0.16
L,93,N,L,0.06
L,93,N,M,0.08
L,93,N,N,0.98
L,93,N,P,0.03
L,93,N,Q,0.52
L,93,N,R,0.07
L,93,N,S,1.45
L,93,N,T,4.58
L,93,N,V,0.9
L,93,N,W,0.09
L,93,N,Y,0.08
L,94,W,A,0.03
L,94,W,C,0.05
L,94,W,D,0.01
L,94,W,E,0.0
L,94,W,F,0.06
L,94,W,G,0.11
L,94,W,H,0.0
L,94,W,I,0.07
L,94,W,K,0.0
L,94,W,L,0.16
L,94,W,M,0.05
L,94,W,N,0.0
L,94,W,P,0.0
L,94,W,Q,0.02
L,94,W,R,0.08
L,94,W,S,0.01
L,94,W,T,0.01
L,94,W,V,0.04
L,94,W,W,1.03
L,94,W,Y,0.09
L,95,P,A,0.06
L,95,P,C,0.05
L,95,P,D,0.0
L,95,P,E,0.05
L,95,P,F,0.06
L,95,P,G,0.06
L,95,P,H,0.03
L,95,P,I,0.08
L,95,P,K,0.1
L,95,P,L,0.35
L,95,P,M,0.05
L,95,P,N,0.0
L,95,P,P,0.86
L,95,P,Q,0.02
L,95,P,R,0.12
L,95,P,S,0.19
L,95,P,T,0.1
L,95,P,V,0.04
L,95,P,W,0.03
L,95,P,Y,0.01
L,96,T,A,0.03
L,96,T,C,0.03
L,96,T,D,0.05
L,96,T,E,0.06
L,96,T,F,0.04
L,96,T,G,0.06
L,96,T,H,0.08
L,96,T,I,1.94
L,96,T,K,0.04
L,96,T,L,5.21
L,96,T,M,0.01
L,96,T,N,3.79
L,96,T,P,0.02
L,96,T,Q,0.17
L,96,T,R,0.05
L,96,T,S,0.13
L,96,T,T,1.27
L,96,T,V,2.41
L,96,T,W,0.01
L,96,T,Y,0.08
L,97,T,A,7.62
L,97,T,C,14.0
L,97,T,D,5.98
L,97,T,E,8.39
L,97,T,F,3.56
L,97,T,G,6.88
L,97,T,H,11.67
L,97,T,I,7.37
L,97,T,K,6.41
L,97,T,L,8.65
L,97,T,M,0.62
L,97,T,N,7.2
L,97,T,P,0.15
L,97,T,Q,6.79
L,97,T,R,0.98
L,97,T,S,11.68
L,97,T,T,0.94
L,97,T,V,0.15
L,97,T,W,1.49
L,97,T,Y,4.42
