chain_id,residue_id,residue_name,has_coords
A,329,F,0
A,330,P,0
A,331,N,0
A,332,I,0
A,333,T,0
A,334,N,1
A,335,L,1
A,336,C,1
A,337,P,1
A,338,F,1
A,339,G,1
A,340,E,1
A,341,V,1
A,342,F,1
A,343,N,1
A,344,A,1
A,345,T,1
A,346,R,1
A,347,F,1
A,348,A,1
A,349,S,1
A,350,V,1
A,351,Y,1
A,352,A,1
A,353,W,1
A,354,N,1
A,355,R,1
A,356,K,1
A,357,R,1
A,358,I,1
A,359,S,1
A,360,N,1
A,361,C,1
A,362,V,1
A,363,A,1
A,364,D,1
A,365,Y,1
A,366,S,1
A,367,V,1
A,368,L,1
A,369,Y,1
A,370,N,1
A,371,S,1
A,372,A,1
A,373,S,1
A,374,F,1
A,375,S,1
A,376,T,1
A,377,F,1
A,378,K,1
A,379,C,1
A,380,Y,1
A,381,G,1
A,382,V,1
A,383,S,1
A,384,P,1
A,385,T,1
A,386,K,1
A,387,L,1
A,388,N,1
A,389,D,1
A,390,L,1
A,391,C,1
A,392,F,1
A,393,T,1
A,394,N,1
A,395,V,1
A,396,Y,1
A,397,A,1
A,398,D,1
A,399,S,1
A,400,F,1
A,401,V,1
A,402,I,1
A,403,R,1
A,404,G,1
A,405,D,1
A,406,E,1
A,407,V,1
A,408,R,1
A,409,Q,1
A,410,I,1
A,411,A,1
A,412,P,1
A,413,G,1
A,414,Q,1
A,415,T,1
A,416,G,1
A,417,K,1
A,418,I,1
A,419,A,1
A,420,D,1
A,421,Y,1
A,422,N,1
A,423,Y,1
A,424,K,1
A,425,L,1
A,426,P,1
A,427,D,1
A,428,D,1
A,429,F,1
A,430,T,1
A,431,G,1
A,432,C,1
A,433,V,1
A,434,I,1
A,435,A,1
A,436,W,1
A,437,N,1
A,438,S,1
A,439,N,1
A,440,N,1
A,441,L,1
A,442,D,1
A,443,S,1
A,444,K,1
A,445,V,1
A,446,G,1
A,447,G,1
A,448,N,1
A,449,Y,1
A,450,N,1
A,451,Y,1
A,452,L,1
A,453,Y,1
A,454,R,1
A,455,L,1
A,456,F,1
A,457,R,1
A,458,K,1
A,459,S,1
A,460,N,1
A,461,L,1
A,462,K,1
A,463,P,1
A,464,F,1
A,465,E,1
A,466,R,1
A,467,D,1
A,468,I,1
A,469,S,1
A,470,T,1
A,471,E,1
A,472,I,1
A,473,Y,1
A,474,Q,1
A,475,A,1
A,476,G,1
A,477,S,1
A,478,T,1
A,479,P,1
A,480,C,1
A,481,N,1
A,482,G,1
A,483,V,1
A,484,E,1
A,485,G,1
A,486,F,1
A,487,N,1
A,488,C,1
A,489,Y,1
A,490,F,1
A,491,P,1
A,492,L,1
A,493,Q,1
A,494,S,1
A,495,Y,1
A,496,G,1
A,497,F,1
A,498,Q,1
A,499,P,1
A,500,T,1
A,501,N,1
A,502,G,1
A,503,V,1
A,504,G,1
A,505,Y,1
A,506,Q,1
A,507,P,1
A,508,Y,1
A,509,R,1
A,510,V,1
A,511,V,1
A,512,V,1
A,513,L,1
A,514,S,1
A,515,F,1
A,516,E,1
A,517,L,1
A,518,L,1
A,519,H,1
A,520,A,1
A,521,P,1
A,522,A,1
A,523,T,1
A,524,V,1
A,525,C,1
A,526,G,1
A,527,P,1
A,528,H,1
A,529,H,0
A,530,H,0
A,531,H,0
A,532,H,0
A,533,H,0
H,1,E,1
H,2,V,1
H,3,Q,1
H,4,L,1
H,5,V,1
H,6,E,1
H,7,S,1
H,8,G,1
H,9,G,1
H,10,G,1
H,11,L,1
H,12,I,1
H,13,Q,1
H,14,P,1
H,15,G,1
H,16,G,1
H,17,S,1
H,18,L,1
H,19,R,1
H,20,L,1
H,21,S,1
H,22,C,1
H,23,A,1
H,24,A,1
H,25,S,1
H,26,G,1
H,27,L,1
H,28,T,1
H,29,V,1
H,30,S,1
H,31,S,1
H,32,N,1
H,33,Y,1
H,34,M,1
H,35,S,1
H,36,W,1
H,37,V,1
H,38,R,1
H,39,Q,1
H,40,A,1
H,41,P,1
H,42,G,1
H,43,K,1
H,44,G,1
H,45,L,1
H,46,E,1
H,47,W,1
H,48,V,1
H,49,S,1
H,50,V,1
H,51,I,1
H,52,Y,1
H,53,S,1
H,54,G,1
H,55,G,1
H,56,S,1
H,57,T,1
H,58,Y,1
H,59,Y,1
H,60,A,1
H,61,D,1
H,62,S,1
H,63,V,1
H,64,K,1
H,65,G,1
H,66,R,1
H,67,F,1
H,68,T,1
H,69,I,1
H,70,S,1
H,71,R,1
H,72,D,1
H,73,N,1
H,74,S,1
H,75,K,1
H,76,N,1
H,77,T,1
H,78,L,1
H,79,Y,1
H,80,L,1
H,81,Q,1
H,82,M,1
H,83,N,1
H,84,S,1
H,85,L,1
H,86,R,1
H,87,A,1
H,88,E,1
H,89,D,1
H,90,T,1
H,91,A,1
H,92,V,1
H,93,Y,1
H,94,Y,1
H,95,C,1
H,96,A,1
H,97,R,1
H,98,S,1
H,99,P,1
H,100,Y,1
H,101,G,1
H,102,G,1
H,103,N,1
H,104,S,1
H,105,W,1
H,106,G,1
H,107,Q,1
H,108,G,1
H,109,T,1
H,110,L,1
H,111,V,1
H,112,T,1
H,113,V,1
H,114,S,1
H,115,S,1
H,116,A,1
H,117,S,1
H,118,T,1
H,119,K,1
H,120,G,1
H,121,P,1
H,122,S,1
H,123,V,1
H,124,F,1
H,125,P,1
H,126,L,1
H,127,A,1
H,128,P,1
H,129,C,1
H,130,S,0
H,131,R,0
H,132,S,0
H,133,T,1
H,134,S,1
H,135,E,1
H,136,S,1
H,137,T,1
H,138,A,1
H,139,A,1
H,140,L,1
H,141,G,1
H,142,C,1
H,143,L,1
H,144,V,1
H,145,K,1
H,146,D,1
H,147,Y,1
H,148,F,1
H,149,P,1
H,150,E,1
H,151,P,1
H,152,V,1
H,153,T,1
H,154,V,1
H,155,S,1
H,156,W,1
H,157,N,1
H,158,S,1
H,159,G,1
H,160,A,1
H,161,L,1
H,162,T,1
H,163,S,1
H,164,G,1
H,165,V,1
H,166,H,1
H,167,T,1
H,168,F,1
H,169,P,1
H,170,A,1
H,171,V,1
H,172,L,1
H,173,Q,1
H,174,S,1
H,175,S,1
H,176,G,1
H,177,L,1
H,178,Y,1
H,179,S,1
H,180,L,1
H,181,S,1
H,182,S,1
H,183,V,1
H,184,V,1
H,185,T,1
H,186,V,1
H,187,P,1
H,188,S,1
H,189,S,1
H,190,S,1
H,191,L,1
H,192,G,1
H,193,T,1
H,194,K,1
H,195,T,1
H,196,Y,1
H,197,T,1
H,198,C,1
H,199,N,1
H,200,V,1
H,201,D,1
H,202,H,1
H,203,K,1
H,204,P,1
H,205,S,1
H,206,N,1
H,207,T,1
H,208,K,1
H,209,V,1
H,210,D,1
H,211,K,1
H,212,R,1
H,213,V,1
H,214,H,0
H,215,H,0
H,216,H,0
H,217,H,0
H,218,H,0
H,219,H,0
L,1,D,1
L,2,I,1
L,3,Q,1
L,4,M,1
L,5,T,1
L,6,Q,1
L,7,S,1
L,8,P,1
L,9,S,1
L,10,S,1
L,11,L,1
L,12,S,1
L,13,A,1
L,14,S,1
L,15,V,1
L,16,G,1
L,17,D,1
L,18,R,1
L,19,V,1
L,20,T,1
L,21,I,1
L,22,T,1
L,23,C,1
L,24,Q,1
L,25,A,1
L,26,S,1
L,27,Q,1
L,28,D,1
L,29,I,1
L,30,S,1
L,31,N,1
L,32,Y,1
L,33,L,1
L,34,N,1
L,35,W,1
L,36,Y,1
L,37,Q,1
L,38,Q,1
L,39,K,1
L,40,P,1
L,41,G,1
L,42,K,1
L,43,A,1
L,44,P,1
L,45,K,1
L,46,L,1
L,47,L,1
L,48,I,1
L,49,Y,1
L,50,D,1
L,51,A,1
L,52,S,1
L,53,N,1
L,54,L,1
L,55,E,1
L,56,T,1
L,57,G,1
L,58,V,1
L,59,P,1
L,60,S,1
L,61,R,1
L,62,F,1
L,63,S,1
L,64,G,1
L,65,S,1
L,66,G,1
L,67,S,1
L,68,G,1
L,69,T,1
L,70,D,1
L,71,F,1
L,72,T,1
L,73,F,1
L,74,T,1
L,75,I,1
L,76,S,1
L,77,S,1
L,78,L,1
L,79,Q,1
L,80,P,1
L,81,E,1
L,82,D,1
L,83,I,1
L,84,A,1
L,85,T,1
L,86,Y,1
L,87,Y,1
L,88,C,1
L,89,Q,1
L,90,Q,1
L,91,Y,1
L,92,D,1
L,93,N,1
L,94,L,1
L,95,P,1
L,96,I,1
L,97,T,1
L,98,F,1
L,99,G,1
L,100,Q,1
L,101,G,1
L,102,T,1
L,103,R,1
L,104,L,1
L,105,E,1
L,106,I,1
L,107,K,1
L,108,R,1
L,109,T,1
L,110,V,1
L,111,A,1
L,112,A,1
L,113,P,1
L,114,S,1
L,115,V,1
L,116,F,1
L,117,I,1
L,118,F,1
L,119,P,1
L,120,P,1
L,121,S,1
L,122,D,1
L,123,E,1
L,124,Q,1
L,125,L,1
L,126,K,1
L,127,S,1
L,128,G,1
L,129,T,1
L,130,A,1
L,131,S,1
L,132,V,1
L,133,V,1
L,134,C,1
L,135,L,1
L,136,L,1
L,137,N,1
L,138,N,1
L,139,F,1
L,140,Y,1
L,141,P,1
L,142,R,1
L,143,E,1
L,144,A,1
L,145,K,1
L,146,V,1
L,147,Q,1
L,148,W,1
L,149,K,1
L,150,V,1
L,151,D,1
L,152,N,1
L,153,A,1
L,154,L,1
L,155,Q,1
L,156,S,1
L,157,G,1
L,158,N,1
L,159,S,1
L,160,Q,1
L,161,E,1
L,162,S,1
L,163,V,1
L,164,T,1
L,165,E,1
L,166,Q,1
L,167,D,1
L,168,S,1
L,169,K,1
L,170,D,1
L,171,S,1
L,172,T,1
L,173,Y,1
L,174,S,1
L,175,L,1
L,176,S,1
L,177,S,1
L,178,T,1
L,179,L,1
L,180,T,1
L,181,L,1
L,182,S,1
L,183,K,1
L,184,A,1
L,185,D,1
L,186,Y,1
L,187,E,1
L,188,K,1
L,189,H,1
L,190,K,1
L,191,V,1
L,192,Y,1
L,193,A,1
L,194,C,1
L,195,E,1
L,196,V,1
L,197,T,1
L,198,Q,1
L,199,G,1
L,200,T,1
L,201,T,1
L,202,S,1
L,203,V,1
L,204,T,1
L,205,K,1
L,206,S,1
L,207,F,1
L,208,N,1
L,209,R,1
L,210,G,1
L,211,E,1
L,212,C,0
